year,sector,sector_angle_deg,sector_angle_rad,row,col,latitude,longitude,distance_pixels,actual_angle_deg,actual_angle_rad,center_row,center_col
1985,0,18.0,0.3141592653589793,7771,9746,39.915786250331024,116.6163706597229,882.7719719582959,0.01777029778824671,0.00031015020546477115,7771.273791904092,8863.228070500012
1985,1,54.0,0.9424777960769379,7489,9244,39.99178372336754,116.4810843779345,473.9891938547316,36.550274448623874,0.6379226316360416,7771.273791904092,8863.228070500012
1985,2,90.0,1.5707963267948966,7246,8693,40.05727090757985,116.33259286146954,552.1685906020555,107.95620984431048,1.8841913097571328,7771.273791904092,8863.228070500012
1985,3,126.0,2.199114857512855,7332,8439,40.034094373249566,116.26414123681963,610.6807022118537,134.0017750395686,2.338772177957227,7771.273791904092,8863.228070500012
1985,4,162.0,2.827433388230814,7766,8231,39.9171337232572,116.20808636309057,632.2500660412903,179.522072770788,3.13325124985511,7771.273791904092,8863.228070500012
1985,5,198.0,3.4557519189487724,7893,8190,39.88290791093225,116.1970370850959,684.1442133399781,190.24890733509744,3.3204698313190413,7771.273791904092,8863.228070500012
1985,6,234.0,4.084070449666731,8193,8429,39.802059535361494,116.26144629096727,605.3156299032073,224.16321111969356,3.9123860958818173,7771.273791904092,8863.228070500012
1985,7,270.0,4.71238898038469,8154,8945,39.812569824185694,116.40050549694898,391.3642789238989,282.0602822541348,4.922880614439185,7771.273791904092,8863.228070500012
1985,8,306.0,5.340707511102648,8089,9211,39.83008697222602,116.47219105662171,471.0575954797341,317.58501821563067,5.542904222868922,7771.273791904092,8863.228070500012
1985,9,342.0,5.969026041820607,7781,9748,39.91309130447867,116.61690964889337,884.8253874946494,359.37017867538856,6.272192851365845,7771.273791904092,8863.228070500012
1986,0,18.0,0.3141592653589793,7771,9747,39.915786250331024,116.61664015430813,883.7719719102538,0.01775019045505652,0.0003097992662968068,7771.273791904092,8863.228070500012
1986,1,54.0,0.9424777960769379,7489,9244,39.99178372336754,116.4810843779345,473.9891938547316,36.550274448623874,0.6379226316360416,7771.273791904092,8863.228070500012
1986,2,90.0,1.5707963267948966,7245,8694,40.05754040216509,116.33286235605478,552.8130279672039,107.82566150927262,1.8819128114777255,7771.273791904092,8863.228070500012
1986,3,126.0,2.199114857512855,7332,8439,40.034094373249566,116.26414123681963,610.6807022118537,134.0017750395686,2.338772177957227,7771.273791904092,8863.228070500012
1986,4,162.0,2.827433388230814,7727,7634,39.9276440120814,116.04719809570477,1230.0251289932046,177.93723767878606,3.105590659398529,7771.273791904092,8863.228070500012
1986,5,198.0,3.4557519189487724,7773,7978,39.91524726116055,116.1399042330259,885.2297535643302,180.11172749304927,3.143542666208502,7771.273791904092,8863.228070500012
1986,6,234.0,4.084070449666731,8193,8429,39.802059535361494,116.26144629096727,605.3156299032073,224.16321111969356,3.9123860958818173,7771.273791904092,8863.228070500012
1986,7,270.0,4.71238898038469,8156,8942,39.81203083501522,116.39969701319328,392.70761652023896,281.57127043099445,4.914345748044206,7771.273791904092,8863.228070500012
1986,8,306.0,5.340707511102648,8084,9280,39.831434445152205,116.49078618300298,521.0532817756626,323.1171479289752,5.639458101014195,7771.273791904092,8863.228070500012
1986,9,342.0,5.969026041820607,7783,9749,39.9125523153082,116.61717914347861,885.8495442491575,359.2415395361018,6.26994767483836,7771.273791904092,8863.228070500012
1987,0,18.0,0.3141592653589793,7771,9747,39.915786250331024,116.61664015430813,883.7719719102538,0.01775019045505652,0.0003097992662968068,7771.273791904092,8863.228070500012
1987,1,54.0,0.9424777960769379,7489,9244,39.99178372336754,116.4810843779345,473.9891938547316,36.550274448623874,0.6379226316360416,7771.273791904092,8863.228070500012
1987,2,90.0,1.5707963267948966,7245,8694,40.05754040216509,116.33286235605478,552.8130279672039,107.82566150927262,1.8819128114777255,7771.273791904092,8863.228070500012
1987,3,126.0,2.199114857512855,7332,8439,40.034094373249566,116.26414123681963,610.6807022118537,134.0017750395686,2.338772177957227,7771.273791904092,8863.228070500012
1987,4,162.0,2.827433388230814,7727,7634,39.9276440120814,116.04719809570477,1230.0251289932046,177.93723767878606,3.105590659398529,7771.273791904092,8863.228070500012
1987,5,198.0,3.4557519189487724,7787,7767,39.91147433696725,116.08304087554114,1096.3408667806082,180.82189424964406,3.15593741434929,7771.273791904092,8863.228070500012
1987,6,234.0,4.084070449666731,8193,8429,39.802059535361494,116.26144629096727,605.3156299032073,224.16321111969356,3.9123860958818173,7771.273791904092,8863.228070500012
1987,7,270.0,4.71238898038469,8251,9007,39.78642884941782,116.4172141612336,500.80695127586637,286.6832526184856,5.003566668519229,7771.273791904092,8863.228070500012
1987,8,306.0,5.340707511102648,8087,9297,39.83062596139649,116.495367590952,536.5082714187761,323.95054110644463,5.654003555924693,7771.273791904092,8863.228070500012
1987,9,342.0,5.969026041820607,7783,9749,39.9125523153082,116.61717914347861,885.8495442491575,359.2415395361018,6.26994767483836,7771.273791904092,8863.228070500012
1988,0,18.0,0.3141592653589793,7771,9747,39.915786250331024,116.61664015430813,883.7719719102538,0.01775019045505652,0.0003097992662968068,7771.273791904092,8863.228070500012
1988,1,54.0,0.9424777960769379,7489,9244,39.99178372336754,116.4810843779345,473.9891938547316,36.550274448623874,0.6379226316360416,7771.273791904092,8863.228070500012
1988,2,90.0,1.5707963267948966,7245,8694,40.05754040216509,116.33286235605478,552.8130279672039,107.82566150927262,1.8819128114777255,7771.273791904092,8863.228070500012
1988,3,126.0,2.199114857512855,7332,8439,40.034094373249566,116.26414123681963,610.6807022118537,134.0017750395686,2.338772177957227,7771.273791904092,8863.228070500012
1988,4,162.0,2.827433388230814,7727,7634,39.9276440120814,116.04719809570477,1230.0251289932046,177.93723767878606,3.105590659398529,7771.273791904092,8863.228070500012
1988,5,198.0,3.4557519189487724,7787,7767,39.91147433696725,116.08304087554114,1096.3408667806082,180.82189424964406,3.15593741434929,7771.273791904092,8863.228070500012
1988,6,234.0,4.084070449666731,8193,8429,39.802059535361494,116.26144629096727,605.3156299032073,224.16321111969356,3.9123860958818173,7771.273791904092,8863.228070500012
1988,7,270.0,4.71238898038469,8251,9007,39.78642884941782,116.4172141612336,500.80695127586637,286.6832526184856,5.003566668519229,7771.273791904092,8863.228070500012
1988,8,306.0,5.340707511102648,8088,9297,39.83035646681126,116.495367590952,537.0973633494722,323.86429196147816,5.652498224367998,7771.273791904092,8863.228070500012
1988,9,342.0,5.969026041820607,7783,9749,39.9125523153082,116.61717914347861,885.8495442491575,359.2415395361018,6.26994767483836,7771.273791904092,8863.228070500012
1989,0,18.0,0.3141592653589793,7771,9747,39.915786250331024,116.61664015430813,883.7719719102538,0.01775019045505652,0.0003097992662968068,7771.273791904092,8863.228070500012
1989,1,54.0,0.9424777960769379,7490,9247,39.9915142287823,116.4818928616902,475.8107185470395,36.23840227542663,0.6324794353683997,7771.273791904092,8863.228070500012
1989,2,90.0,1.5707963267948966,7244,8692,40.05780989675032,116.33232336688431,554.3795665030203,107.99080276183649,1.8847950700658325,7771.273791904092,8863.228070500012
1989,3,126.0,2.199114857512855,7332,8439,40.034094373249566,116.26414123681963,610.6807022118537,134.0017750395686,2.338772177957227,7771.273791904092,8863.228070500012
1989,4,162.0,2.827433388230814,7727,7634,39.9276440120814,116.04719809570477,1230.0251289932046,177.93723767878606,3.105590659398529,7771.273791904092,8863.228070500012
1989,5,198.0,3.4557519189487724,7787,7767,39.91147433696725,116.08304087554114,1096.3408667806082,180.82189424964406,3.15593741434929,7771.273791904092,8863.228070500012
1989,6,234.0,4.084070449666731,8193,8429,39.802059535361494,116.26144629096727,605.3156299032073,224.16321111969356,3.9123860958818173,7771.273791904092,8863.228070500012
1989,7,270.0,4.71238898038469,8251,9007,39.78642884941782,116.4172141612336,500.80695127586637,286.6832526184856,5.003566668519229,7771.273791904092,8863.228070500012
1989,8,306.0,5.340707511102648,8088,9297,39.83035646681126,116.495367590952,537.0973633494722,323.86429196147816,5.652498224367998,7771.273791904092,8863.228070500012
1989,9,342.0,5.969026041820607,7794,9752,39.9095878748706,116.61798762723431,889.062440552715,358.5352461263477,6.257620529353013,7771.273791904092,8863.228070500012
1990,0,18.0,0.3141592653589793,7764,9747,39.917672712427674,116.61664015430813,883.8018620826704,0.4715562390361936,0.00823020897950299,7771.273791904092,8863.228070500012
1990,1,54.0,0.9424777960769379,7490,9247,39.9915142287823,116.4818928616902,475.8107185470395,36.23840227542663,0.6324794353683997,7771.273791904092,8863.228070500012
1990,2,90.0,1.5707963267948966,7204,8689,40.068589680159754,116.33151488312859,593.4264701977863,107.07341015966517,1.8687835486245046,7771.273791904092,8863.228070500012
1990,3,126.0,2.199114857512855,7336,8434,40.03301639490862,116.26279376389346,611.3100771488477,134.5993199218581,2.3492013035816206,7771.273791904092,8863.228070500012
1990,4,162.0,2.827433388230814,7727,7634,39.9276440120814,116.04719809570477,1230.0251289932046,177.93723767878606,3.105590659398529,7771.273791904092,8863.228070500012
1990,5,198.0,3.4557519189487724,7788,7767,39.91120484238201,116.08304087554114,1096.3556670120547,180.87414909206592,3.1568494333996626,7771.273791904092,8863.228070500012
1990,6,234.0,4.084070449666731,8193,8429,39.802059535361494,116.26144629096727,605.3156299032073,224.16321111969356,3.9123860958818173,7771.273791904092,8863.228070500012
1990,7,270.0,4.71238898038469,8282,8698,39.7780745172755,116.33394033439572,536.7882030346622,252.07277885586205,4.399499945686338,7771.273791904092,8863.228070500012
1990,8,306.0,5.340707511102648,8088,9299,39.83035646681126,116.49590658012247,538.7138994261749,323.98972899506214,5.654687513607973,7771.273791904092,8863.228070500012
1990,9,342.0,5.969026041820607,7794,9752,39.9095878748706,116.61798762723431,889.062440552715,358.5352461263477,6.257620529353013,7771.273791904092,8863.228070500012
1991,0,18.0,0.3141592653589793,7771,9920,39.915786250331024,116.66326271755393,1056.7719649674352,0.014844376331745842,0.000259083242394083,7771.273791904092,8863.228070500012
1991,1,54.0,0.9424777960769379,7460,9228,39.99959906633938,116.47677246457073,479.5309521579353,40.47539016475931,0.70642882440438,7771.273791904092,8863.228070500012
1991,2,90.0,1.5707963267948966,7204,8689,40.068589680159754,116.33151488312859,593.4264701977863,107.07341015966517,1.8687835486245046,7771.273791904092,8863.228070500012
1991,3,126.0,2.199114857512855,7402,8361,40.015229752283055,116.24312065917124,623.3748215844073,143.6740296160972,2.5075848664087403,7771.273791904092,8863.228070500012
1991,4,162.0,2.827433388230814,7727,7634,39.9276440120814,116.04719809570477,1230.0251289932046,177.93723767878606,3.105590659398529,7771.273791904092,8863.228070500012
1991,5,198.0,3.4557519189487724,7788,7767,39.91120484238201,116.08304087554114,1096.3556670120547,180.87414909206592,3.1568494333996626,7771.273791904092,8863.228070500012
1991,6,234.0,4.084070449666731,8193,8429,39.802059535361494,116.26144629096727,605.3156299032073,224.16321111969356,3.9123860958818173,7771.273791904092,8863.228070500012
1991,7,270.0,4.71238898038469,8282,8698,39.7780745172755,116.33394033439572,536.7882030346622,252.07277885586205,4.399499945686338,7771.273791904092,8863.228070500012
1991,8,306.0,5.340707511102648,8088,9299,39.83035646681126,116.49590658012247,538.7138994261749,323.98972899506214,5.654687513607973,7771.273791904092,8863.228070500012
1991,9,342.0,5.969026041820607,7875,10073,39.8877588134665,116.70449538909502,1214.2105450258944,355.09942791485696,6.197654189062516,7771.273791904092,8863.228070500012
1992,0,18.0,0.3141592653589793,7771,9920,39.915786250331024,116.66326271755393,1056.7719649674352,0.014844376331745842,0.000259083242394083,7771.273791904092,8863.228070500012
1992,1,54.0,0.9424777960769379,7460,9228,39.99959906633938,116.47677246457073,479.5309521579353,40.47539016475931,0.70642882440438,7771.273791904092,8863.228070500012
1992,2,90.0,1.5707963267948966,7180,8680,40.075057550205415,116.32908943186148,619.0131039096029,107.2175300121113,1.871298914567178,7771.273791904092,8863.228070500012
1992,3,126.0,2.199114857512855,7181,8585,40.07478805562018,116.30348744626407,652.5595824313631,115.23704595848301,2.011265872247553,7771.273791904092,8863.228070500012
1992,4,162.0,2.827433388230814,7726,7619,39.92791350666664,116.04315567692623,1245.051487952831,177.91609485743598,3.105221647552809,7771.273791904092,8863.228070500012
1992,5,198.0,3.4557519189487724,7788,7767,39.91120484238201,116.08304087554114,1096.3556670120547,180.87414909206592,3.1568494333996626,7771.273791904092,8863.228070500012
1992,6,234.0,4.084070449666731,8316,8464,39.76891170137748,116.27087860145053,675.3589372042908,233.76243202599846,4.079924106323112,7771.273791904092,8863.228070500012
1992,7,270.0,4.71238898038469,8304,9036,39.77214563640031,116.42502950420544,560.042277346446,287.96873704762385,5.026002604290811,7771.273791904092,8863.228070500012
1992,8,306.0,5.340707511102648,8146,9377,39.814725780867576,116.51692715777087,635.9098415468015,323.89437448655644,5.653023263477928,7771.273791904092,8863.228070500012
1992,9,342.0,5.969026041820607,7875,10073,39.8877588134665,116.70449538909502,1214.2105450258944,355.09942791485696,6.197654189062516,7771.273791904092,8863.228070500012
1993,0,18.0,0.3141592653589793,7771,9920,39.915786250331024,116.66326271755393,1056.7719649674352,0.014844376331745842,0.000259083242394083,7771.273791904092,8863.228070500012
1993,1,54.0,0.9424777960769379,7460,9228,39.99959906633938,116.47677246457073,479.5309521579353,40.47539016475931,0.70642882440438,7771.273791904092,8863.228070500012
1993,2,90.0,1.5707963267948966,7179,8680,40.075327044790654,116.32908943186148,619.9683624150582,107.19017447244823,1.8708214703313975,7771.273791904092,8863.228070500012
1993,3,126.0,2.199114857512855,7181,8585,40.07478805562018,116.30348744626407,652.5595824313631,115.23704595848301,2.011265872247553,7771.273791904092,8863.228070500012
1993,4,162.0,2.827433388230814,7722,7604,39.92899148500758,116.0391132581477,1260.1917473558503,177.75915040101043,3.1024824500454304,7771.273791904092,8863.228070500012
1993,5,198.0,3.4557519189487724,7785,7763,39.912013326137725,116.0819628972002,1100.3136897743625,180.71477270479207,3.1540677906918,7771.273791904092,8863.228070500012
1993,6,234.0,4.084070449666731,8327,8469,39.76594726093989,116.2722260743767,681.3570209037397,234.6483917744499,4.09538702097373,7771.273791904092,8863.228070500012
1993,7,270.0,4.71238898038469,8304,9036,39.77214563640031,116.42502950420544,560.042277346446,287.96873704762385,5.026002604290811,7771.273791904092,8863.228070500012
1993,8,306.0,5.340707511102648,8146,9377,39.814725780867576,116.51692715777087,635.9098415468015,323.89437448655644,5.653023263477928,7771.273791904092,8863.228070500012
1993,9,342.0,5.969026041820607,7877,10073,39.887219824296025,116.70449538909502,1214.3830336777862,355.0054108616275,6.19601328193064,7771.273791904092,8863.228070500012
1994,0,18.0,0.3141592653589793,7771,9920,39.915786250331024,116.66326271755393,1056.7719649674352,0.014844376331745842,0.000259083242394083,7771.273791904092,8863.228070500012
1994,1,54.0,0.9424777960769379,7460,9228,39.99959906633938,116.47677246457073,479.5309521579353,40.47539016475931,0.70642882440438,7771.273791904092,8863.228070500012
1994,2,90.0,1.5707963267948966,7130,8793,40.08853227946721,116.35954231999312,645.1077879464851,96.24974997924603,1.6798750413591872,7771.273791904092,8863.228070500012
1994,3,126.0,2.199114857512855,7151,8558,40.08287289317725,116.2962110924627,691.305830978042,116.20115464622958,2.028092743195813,7771.273791904092,8863.228070500012
1994,4,162.0,2.827433388230814,7724,7596,39.928452495837114,116.0369573014658,1268.109535515042,177.86357847027554,3.1043050636856075,7771.273791904092,8863.228070500012
1994,5,198.0,3.4557519189487724,7784,7762,39.91228282072296,116.08169340261496,1101.3016024821175,180.66210222530555,3.1531485174061564,7771.273791904092,8863.228070500012
1994,6,234.0,4.084070449666731,8328,8466,39.765677766354656,116.271417590621,683.9109669935195,234.49187517505146,4.092655290980202,7771.273791904092,8863.228070500012
1994,7,270.0,4.71238898038469,8304,9036,39.77214563640031,116.42502950420544,560.042277346446,287.96873704762385,5.026002604290811,7771.273791904092,8863.228070500012
1994,8,306.0,5.340707511102648,8146,9377,39.814725780867576,116.51692715777087,635.9098415468015,323.89437448655644,5.653023263477928,7771.273791904092,8863.228070500012
1994,9,342.0,5.969026041820607,7959,10193,39.86512126830669,116.73683473932333,1342.9573759774316,351.96455541583003,6.142940342324274,7771.273791904092,8863.228070500012
1995,0,18.0,0.3141592653589793,7771,9920,39.915786250331024,116.66326271755393,1056.7719649674352,0.014844376331745842,0.000259083242394083,7771.273791904092,8863.228070500012
1995,1,54.0,0.9424777960769379,7438,9248,40.00552794721457,116.48216235627544,509.0391518353727,40.89777875798323,0.7138008960790045,7771.273791904092,8863.228070500012
1995,2,90.0,1.5707963267948966,7130,8792,40.08853227946721,116.35927282540788,645.2174162328597,96.33802298784057,1.6814156959998032,7771.273791904092,8863.228070500012
1995,3,126.0,2.199114857512855,7106,8513,40.09500014951287,116.28408383612708,751.830379514296,117.76420335195026,2.0553730894796747,7771.273791904092,8863.228070500012
1995,4,162.0,2.827433388230814,7726,7595,39.92791350666664,116.03668780688056,1269.0359155822023,177.9554969741939,3.10590934422249,7771.273791904092,8863.228070500012
1995,5,198.0,3.4557519189487724,7785,7762,39.912013326137725,116.08169340261496,1101.3136120315012,180.71412370331126,3.1540564634791095,7771.273791904092,8863.228070500012
1995,6,234.0,4.084070449666731,8328,8466,39.765677766354656,116.271417590621,683.9109669935195,234.49187517505146,4.092655290980202,7771.273791904092,8863.228070500012
1995,7,270.0,4.71238898038469,8305,9036,39.77187614181508,116.42502950420544,560.9935871572734,287.93722931669384,5.02545269064625,7771.273791904092,8863.228070500012
1995,8,306.0,5.340707511102648,8146,9377,39.814725780867576,116.51692715777087,635.9098415468015,323.89437448655644,5.653023263477928,7771.273791904092,8863.228070500012
1995,9,342.0,5.969026041820607,7959,10193,39.86512126830669,116.73683473932333,1342.9573759774316,351.96455541583003,6.142940342324274,7771.273791904092,8863.228070500012
1996,0,18.0,0.3141592653589793,7771,9920,39.915786250331024,116.66326271755393,1056.7719649674352,0.014844376331745842,0.000259083242394083,7771.273791904092,8863.228070500012
1996,1,54.0,0.9424777960769379,7173,9060,40.076944012302064,116.4314973742511,629.8021294965974,71.79399228697113,1.2530415485590598,7771.273791904092,8863.228070500012
1996,2,90.0,1.5707963267948966,7130,8792,40.08853227946721,116.35927282540788,645.2174162328597,96.33802298784057,1.6814156959998032,7771.273791904092,8863.228070500012
1996,3,126.0,2.199114857512855,7045,8426,40.11143931921226,116.26063780721157,847.7275543710442,121.04859198889231,2.112696485109402,7771.273791904092,8863.228070500012
1996,4,162.0,2.827433388230814,7723,7578,39.928721990422346,116.03210639893156,1286.1343445324767,177.84895381114438,3.104049815231787,7771.273791904092,8863.228070500012
1996,5,198.0,3.4557519189487724,7785,7762,39.912013326137725,116.08169340261496,1101.3136120315012,180.71412370331126,3.1540564634791095,7771.273791904092,8863.228070500012
1996,6,234.0,4.084070449666731,8336,8469,39.76352180967277,116.2722260743767,688.7172581550033,235.0816044177871,4.102948007961232,7771.273791904092,8863.228070500012
1996,7,270.0,4.71238898038469,8305,9036,39.77187614181508,116.42502950420544,560.9935871572734,287.93722931669384,5.02545269064625,7771.273791904092,8863.228070500012
1996,8,306.0,5.340707511102648,8162,9379,39.810413867503804,116.51746614694133,647.0607799528166,322.8540263176866,5.634865762564055,7771.273791904092,8863.228070500012
1996,9,342.0,5.969026041820607,7959,10193,39.86512126830669,116.73683473932333,1342.9573759774316,351.96455541583003,6.142940342324274,7771.273791904092,8863.228070500012
1997,0,18.0,0.3141592653589793,7771,9920,39.915786250331024,116.66326271755393,1056.7719649674352,0.014844376331745842,0.000259083242394083,7771.273791904092,8863.228070500012
1997,1,54.0,0.9424777960769379,7172,9060,40.077213506887304,116.4314973742511,630.7521461733262,71.82237297584716,1.2535368850239306,7771.273791904092,8863.228070500012
1997,2,90.0,1.5707963267948966,7129,8795,40.08880177405244,116.3600813091636,645.8875237771786,96.06372982779519,1.6766283772413113,7771.273791904092,8863.228070500012
1997,3,126.0,2.199114857512855,7045,8426,40.11143931921226,116.26063780721157,847.7275543710442,121.04859198889231,2.112696485109402,7771.273791904092,8863.228070500012
1997,4,162.0,2.827433388230814,7723,7578,39.928721990422346,116.03210639893156,1286.1343445324767,177.84895381114438,3.104049815231787,7771.273791904092,8863.228070500012
1997,5,198.0,3.4557519189487724,7785,7762,39.912013326137725,116.08169340261496,1101.3136120315012,180.71412370331126,3.1540564634791095,7771.273791904092,8863.228070500012
1997,6,234.0,4.084070449666731,8337,8470,39.76325231508753,116.27249556896194,688.9662241037198,235.19739731804782,4.104968975321215,7771.273791904092,8863.228070500012
1997,7,270.0,4.71238898038469,8307,9037,39.771337152644605,116.42529899879068,563.2044509083437,287.97135470238743,5.026048290985116,7771.273791904092,8863.228070500012
1997,8,306.0,5.340707511102648,8285,9429,39.777266033519794,116.53094087620313,764.2071009188147,317.7602575269419,5.545962725830231,7771.273791904092,8863.228070500012
1997,9,342.0,5.969026041820607,7959,10193,39.86512126830669,116.73683473932333,1342.9573759774316,351.96455541583003,6.142940342324274,7771.273791904092,8863.228070500012
1998,0,18.0,0.3141592653589793,7771,9920,39.915786250331024,116.66326271755393,1056.7719649674352,0.014844376331745842,0.000259083242394083,7771.273791904092,8863.228070500012
1998,1,54.0,0.9424777960769379,7168,9060,40.07829148522825,116.4314973742511,634.5537488956234,71.93504572649313,1.2555033954999815,7771.273791904092,8863.228070500012
1998,2,90.0,1.5707963267948966,7115,8980,40.09257469824575,116.40993780743223,666.581557995213,79.9108518064896,1.3947074720965023,7771.273791904092,8863.228070500012
1998,3,126.0,2.199114857512855,7045,8426,40.11143931921226,116.26063780721157,847.7275543710442,121.04859198889231,2.112696485109402,7771.273791904092,8863.228070500012
1998,4,162.0,2.827433388230814,7723,7578,39.928721990422346,116.03210639893156,1286.1343445324767,177.84895381114438,3.104049815231787,7771.273791904092,8863.228070500012
1998,5,198.0,3.4557519189487724,7785,7762,39.912013326137725,116.08169340261496,1101.3136120315012,180.71412370331126,3.1540564634791095,7771.273791904092,8863.228070500012
1998,6,234.0,4.084070449666731,8337,8470,39.76325231508753,116.27249556896194,688.9662241037198,235.19739731804782,4.104968975321215,7771.273791904092,8863.228070500012
1998,7,270.0,4.71238898038469,8307,9037,39.771337152644605,116.42529899879068,563.2044509083437,287.97135470238743,5.026048290985116,7771.273791904092,8863.228070500012
1998,8,306.0,5.340707511102648,8284,9430,39.777535528105034,116.53121037078837,764.2765105232187,317.86615441459406,5.5478109751873745,7771.273791904092,8863.228070500012
1998,9,342.0,5.969026041820607,7959,10193,39.86512126830669,116.73683473932333,1342.9573759774316,351.96455541583003,6.142940342324274,7771.273791904092,8863.228070500012
1999,0,18.0,0.3141592653589793,7769,9920,39.9163252395015,116.66326271755393,1056.7743756870482,0.12327965468740436,0.002151635875016867,7771.273791904092,8863.228070500012
1999,1,54.0,0.9424777960769379,7168,9060,40.07829148522825,116.4314973742511,634.5537488956234,71.93504572649313,1.2555033954999815,7771.273791904092,8863.228070500012
1999,2,90.0,1.5707963267948966,7133,8659,40.087723795711504,116.32343004557153,670.1511308740634,107.74308026119402,1.8804714967983478,7771.273791904092,8863.228070500012
1999,3,126.0,2.199114857512855,7045,8426,40.11143931921226,116.26063780721157,847.7275543710442,121.04859198889231,2.112696485109402,7771.273791904092,8863.228070500012
1999,4,162.0,2.827433388230814,7723,7578,39.928721990422346,116.03210639893156,1286.1343445324767,177.84895381114438,3.104049815231787,7771.273791904092,8863.228070500012
1999,5,198.0,3.4557519189487724,7785,7762,39.912013326137725,116.08169340261496,1101.3136120315012,180.71412370331126,3.1540564634791095,7771.273791904092,8863.228070500012
1999,6,234.0,4.084070449666731,8337,8470,39.76325231508753,116.27249556896194,688.9662241037198,235.19739731804782,4.104968975321215,7771.273791904092,8863.228070500012
1999,7,270.0,4.71238898038469,8323,9028,39.767025239280834,116.42287354752355,575.8051731714802,286.62815010926795,5.002604948307271,7771.273791904092,8863.228070500012
1999,8,306.0,5.340707511102648,8284,9430,39.777535528105034,116.53121037078837,764.2765105232187,317.86615441459406,5.5478109751873745,7771.273791904092,8863.228070500012
1999,9,342.0,5.969026041820607,7959,10193,39.86512126830669,116.73683473932333,1342.9573759774316,351.96455541583003,6.142940342324274,7771.273791904092,8863.228070500012
2000,0,18.0,0.3141592653589793,7769,9920,39.9163252395015,116.66326271755393,1056.7743756870482,0.12327965468740436,0.002151635875016867,7771.273791904092,8863.228070500012
2000,1,54.0,0.9424777960769379,7168,9060,40.07829148522825,116.4314973742511,634.5537488956234,71.93504572649313,1.2555033954999815,7771.273791904092,8863.228070500012
2000,2,90.0,1.5707963267948966,7126,8660,40.089610257808154,116.32369954015675,676.5204469618367,107.48174756513679,1.8759103808090354,7771.273791904092,8863.228070500012
2000,3,126.0,2.199114857512855,7045,8426,40.11143931921226,116.26063780721157,847.7275543710442,121.04859198889231,2.112696485109402,7771.273791904092,8863.228070500012
2000,4,162.0,2.827433388230814,7723,7578,39.928721990422346,116.03210639893156,1286.1343445324767,177.84895381114438,3.104049815231787,7771.273791904092,8863.228070500012
2000,5,198.0,3.4557519189487724,7785,7762,39.912013326137725,116.08169340261496,1101.3136120315012,180.71412370331126,3.1540564634791095,7771.273791904092,8863.228070500012
2000,6,234.0,4.084070449666731,8404,8396,39.74519617787673,116.25255296965449,786.5395884979921,233.55648988685962,4.076329737926539,7771.273791904092,8863.228070500012
2000,7,270.0,4.71238898038469,8709,8625,39.66300032937979,116.3142672296735,967.5138525747778,255.74564052538935,4.463603474789885,7771.273791904092,8863.228070500012
2000,8,306.0,5.340707511102648,8277,9441,39.77942199020168,116.53417481122597,767.8407387428754,318.80420416805583,5.564183031932804,7771.273791904092,8863.228070500012
2000,9,342.0,5.969026041820607,7959,10193,39.86512126830669,116.73683473932333,1342.9573759774316,351.96455541583003,6.142940342324274,7771.273791904092,8863.228070500012
2001,0,18.0,0.3141592653589793,7769,9920,39.9163252395015,116.66326271755393,1056.7743756870482,0.12327965468740436,0.002151635875016867,7771.273791904092,8863.228070500012
2001,1,54.0,0.9424777960769379,7359,9421,40.0268180194482,116.52878491952124,693.5987347372528,36.469738139732065,0.6365170078784763,7771.273791904092,8863.228070500012
2001,2,90.0,1.5707963267948966,7097,8703,40.09742560077999,116.3352878073219,693.0499123619305,103.36730029856021,1.8040997291075933,7771.273791904092,8863.228070500012
2001,3,126.0,2.199114857512855,7045,8424,40.11143931921226,116.2600988180411,848.7608136111797,121.16425957589283,2.114715265340398,7771.273791904092,8863.228070500012
2001,4,162.0,2.827433388230814,7723,7578,39.928721990422346,116.03210639893156,1286.1343445324767,177.84895381114438,3.104049815231787,7771.273791904092,8863.228070500012
2001,5,198.0,3.4557519189487724,7785,7762,39.912013326137725,116.08169340261496,1101.3136120315012,180.71412370331126,3.1540564634791095,7771.273791904092,8863.228070500012
2001,6,234.0,4.084070449666731,8385,8229,39.75031657499621,116.20754737392011,882.5560061060999,224.05880804504037,3.9105639184799137,7771.273791904092,8863.228070500012
2001,7,270.0,4.71238898038469,8714,8640,39.661652856453614,116.31830964845204,968.7948569692388,256.67829954492464,4.479881445479197,7771.273791904092,8863.228070500012
2001,8,306.0,5.340707511102648,8277,9441,39.77942199020168,116.53417481122597,767.8407387428754,318.80420416805583,5.564183031932804,7771.273791904092,8863.228070500012
2001,9,342.0,5.969026041820607,8030,10194,39.84598715275494,116.73710423390857,1355.689189711568,348.997911183264,6.091162632730697,7771.273791904092,8863.228070500012
2002,0,18.0,0.3141592653589793,7769,9920,39.9163252395015,116.66326271755393,1056.7743756870482,0.12327965468740436,0.002151635875016867,7771.273791904092,8863.228070500012
2002,1,54.0,0.9424777960769379,7072,9127,40.104162965410886,116.4495535114619,747.3683608743909,69.33310458037657,1.2100909555571326,7771.273791904092,8863.228070500012
2002,2,90.0,1.5707963267948966,7009,8735,40.12114112428075,116.34391163404945,772.9836815146869,99.54877547862824,1.737453898430657,7771.273791904092,8863.228070500012
2002,3,126.0,2.199114857512855,7211,8197,40.066703218063104,116.19892354719255,870.4978827181367,139.93737426666058,2.4423679275488124,7771.273791904092,8863.228070500012
2002,4,162.0,2.827433388230814,7723,7578,39.928721990422346,116.03210639893156,1286.1343445324767,177.84895381114438,3.104049815231787,7771.273791904092,8863.228070500012
2002,5,198.0,3.4557519189487724,7901,7767,39.880751954250364,116.08304087554114,1103.877199519549,186.74892095859758,3.2593835452741726,7771.273791904092,8863.228070500012
2002,6,234.0,4.084070449666731,8605,8558,39.69102776624432,116.2962110924627,887.8420834175083,249.8922667565903,4.361442830174472,7771.273791904092,8863.228070500012
2002,7,270.0,4.71238898038469,8719,8640,39.66030538352743,116.31830964845204,973.6609969445253,256.74609521312743,4.4810647031079265,7771.273791904092,8863.228070500012
2002,8,306.0,5.340707511102648,8370,9590,39.754358993774744,116.5743295044261,941.6318334519283,320.51776343889105,5.594090283136952,7771.273791904092,8863.228070500012
2002,9,342.0,5.969026041820607,8078,10184,39.833051412663615,116.7344092880562,1355.9201512213083,346.9258069914696,6.054997592139507,7771.273791904092,8863.228070500012
2003,0,18.0,0.3141592653589793,7769,9920,39.9163252395015,116.66326271755393,1056.7743756870482,0.12327965468740436,0.002151635875016867,7771.273791904092,8863.228070500012
2003,1,54.0,0.9424777960769379,7072,9127,40.104162965410886,116.4495535114619,747.3683608743909,69.33310458037657,1.2100909555571326,7771.273791904092,8863.228070500012
2003,2,90.0,1.5707963267948966,7011,9011,40.120602135110275,116.41829213957455,774.5016344749544,79.0007497998128,1.3788231955509844,7771.273791904092,8863.228070500012
2003,3,126.0,2.199114857512855,7126,8274,40.089610257808154,116.21967463025571,873.8237726129065,132.40058730059883,2.310826179969641,7771.273791904092,8863.228070500012
2003,4,162.0,2.827433388230814,7723,7578,39.928721990422346,116.03210639893156,1286.1343445324767,177.84895381114438,3.104049815231787,7771.273791904092,8863.228070500012
2003,5,198.0,3.4557519189487724,7900,7766,39.8810214488356,116.0827713809559,1104.7533097230034,186.69132249424132,3.2583782624270636,7771.273791904092,8863.228070500012
2003,6,234.0,4.084070449666731,8605,8558,39.69102776624432,116.2962110924627,887.8420834175083,249.8922667565903,4.361442830174472,7771.273791904092,8863.228070500012
2003,7,270.0,4.71238898038469,8734,8712,39.6562629647489,116.33771325858902,974.5315187626732,261.07274815747144,4.556579042577836,7771.273791904092,8863.228070500012
2003,8,306.0,5.340707511102648,8437,9549,39.736302856563945,116.56328022643143,955.7586114892675,315.8497614528489,5.512618278990882,7771.273791904092,8863.228070500012
2003,9,342.0,5.969026041820607,8008,10223,39.851916033630125,116.7449195768804,1380.224256364011,350.1242084777692,6.110820228876116,7771.273791904092,8863.228070500012
2004,0,18.0,0.3141592653589793,7769,9920,39.9163252395015,116.66326271755393,1056.7743756870482,0.12327965468740436,0.002151635875016867,7771.273791904092,8863.228070500012
2004,1,54.0,0.9424777960769379,7289,9466,40.04568264041471,116.54091217585686,771.9598495716534,38.66306823779099,0.6747978396726947,7771.273791904092,8863.228070500012
2004,2,90.0,1.5707963267948966,6942,9048,40.13919726149155,116.42826343922827,849.609138292509,77.43900939308455,1.351565683392141,7771.273791904092,8863.228070500012
2004,3,126.0,2.199114857512855,7096,8295,40.097695095365225,116.22533401654567,882.5405566526093,130.07987473852285,2.2703221047690216,7771.273791904092,8863.228070500012
2004,4,162.0,2.827433388230814,7726,7575,39.92791350666664,116.03129791517586,1289.023381423921,177.9872119812316,3.1064628755175914,7771.273791904092,8863.228070500012
2004,5,198.0,3.4557519189487724,7900,7766,39.8810214488356,116.0827713809559,1104.7533097230034,186.69132249424132,3.2583782624270636,7771.273791904092,8863.228070500012
2004,6,234.0,4.084070449666731,8598,8517,39.692914228340975,116.28516181446803,896.297997294873,247.27635138209794,4.31578649393604,7771.273791904092,8863.228070500012
2004,7,270.0,4.71238898038469,8738,8713,39.65518498640795,116.33798275317426,978.3292056284783,261.16695616916013,4.558223282563561,7771.273791904092,8863.228070500012
2004,8,306.0,5.340707511102648,8493,9563,39.721211159790734,116.56705315062473,1005.2708454782891,314.1151676730495,5.482343906348769,7771.273791904092,8863.228070500012
2004,9,342.0,5.969026041820607,8008,10223,39.851916033630125,116.7449195768804,1380.224256364011,350.1242084777692,6.110820228876116,7771.273791904092,8863.228070500012
2005,0,18.0,0.3141592653589793,7769,9920,39.9163252395015,116.66326271755393,1056.7743756870482,0.12327965468740436,0.002151635875016867,7771.273791904092,8863.228070500012
2005,1,54.0,0.9424777960769379,7289,9466,40.04568264041471,116.54091217585686,771.9598495716534,38.66306823779099,0.6747978396726947,7771.273791904092,8863.228070500012
2005,2,90.0,1.5707963267948966,6942,9048,40.13919726149155,116.42826343922827,849.609138292509,77.43900939308455,1.351565683392141,7771.273791904092,8863.228070500012
2005,3,126.0,2.199114857512855,7096,8295,40.097695095365225,116.22533401654567,882.5405566526093,130.07987473852285,2.2703221047690216,7771.273791904092,8863.228070500012
2005,4,162.0,2.827433388230814,7725,7575,39.928183001251874,116.03129791517586,1289.0588913782672,177.9427916410363,3.1056875943263273,7771.273791904092,8863.228070500012
2005,5,198.0,3.4557519189487724,7900,7766,39.8810214488356,116.0827713809559,1104.7533097230034,186.69132249424132,3.2583782624270636,7771.273791904092,8863.228070500012
2005,6,234.0,4.084070449666731,8598,8517,39.692914228340975,116.28516181446803,896.297997294873,247.27635138209794,4.31578649393604,7771.273791904092,8863.228070500012
2005,7,270.0,4.71238898038469,8747,8699,39.65275953514083,116.33420982898096,989.4506012456491,260.4458858313681,4.5456382310306225,7771.273791904092,8863.228070500012
2005,8,306.0,5.340707511102648,8474,9627,39.72633155691022,116.58430080407983,1037.8688182217386,317.3836675662874,5.539389991086853,7771.273791904092,8863.228070500012
2005,9,342.0,5.969026041820607,8008,10223,39.851916033630125,116.7449195768804,1380.224256364011,350.1242084777692,6.110820228876116,7771.273791904092,8863.228070500012
2006,0,18.0,0.3141592653589793,7767,10167,39.91686422867197,116.7298278801072,1303.7789342712058,0.18781610188767037,0.003278009366200985,7771.273791904092,8863.228070500012
2006,1,54.0,0.9424777960769379,7006,9112,40.12194960803645,116.44551109268336,804.6933884917996,71.99191447345562,1.2564959423759605,7771.273791904092,8863.228070500012
2006,2,90.0,1.5707963267948966,6942,9104,40.13919726149155,116.44335513600147,863.5196257029357,73.80983652462801,1.2882246677135274,7771.273791904092,8863.228070500012
2006,3,126.0,2.199114857512855,7096,8295,40.097695095365225,116.22533401654567,882.5405566526093,130.07987473852285,2.2703221047690216,7771.273791904092,8863.228070500012
2006,4,162.0,2.827433388230814,7725,7575,39.928183001251874,116.03129791517586,1289.0588913782672,177.9427916410363,3.1056875943263273,7771.273791904092,8863.228070500012
2006,5,198.0,3.4557519189487724,7900,7766,39.8810214488356,116.0827713809559,1104.7533097230034,186.69132249424132,3.2583782624270636,7771.273791904092,8863.228070500012
2006,6,234.0,4.084070449666731,8389,8141,39.74923859665527,116.18383185041935,950.3678519324607,220.5405788274956,3.849159234793894,7771.273791904092,8863.228070500012
2006,7,270.0,4.71238898038469,8747,8699,39.65275953514083,116.33420982898096,989.4506012456491,260.4458858313681,4.5456382310306225,7771.273791904092,8863.228070500012
2006,8,306.0,5.340707511102648,8479,9631,39.72498408398404,116.58537878242078,1044.1983151460968,317.33037847597075,5.538459921005435,7771.273791904092,8863.228070500012
2006,9,342.0,5.969026041820607,8015,10224,39.850029571533476,116.74518907146563,1382.426384523939,349.84549424900285,6.105955747911986,7771.273791904092,8863.228070500012
2007,0,18.0,0.3141592653589793,7767,10167,39.91686422867197,116.7298278801072,1303.7789342712058,0.18781610188767037,0.003278009366200985,7771.273791904092,8863.228070500012
2007,1,54.0,0.9424777960769379,7031,9305,40.11521224340556,116.49752354763389,862.0717630651204,59.172586859833956,1.032756467626435,7771.273791904092,8863.228070500012
2007,2,90.0,1.5707963267948966,6725,8938,40.19767758648773,116.39861903485233,1048.9421762263726,85.91230809009491,1.4994526441599174,7771.273791904092,8863.228070500012
2007,3,126.0,2.199114857512855,6817,8337,40.17288408464603,116.23665278912557,1089.7497199344352,118.8742528494168,2.074747108070574,7771.273791904092,8863.228070500012
2007,4,162.0,2.827433388230814,7725,7575,39.928183001251874,116.03129791517586,1289.0588913782672,177.9427916410363,3.1056875943263273,7771.273791904092,8863.228070500012
2007,5,198.0,3.4557519189487724,7900,7766,39.8810214488356,116.0827713809559,1104.7533097230034,186.69132249424132,3.2583782624270636,7771.273791904092,8863.228070500012
2007,6,234.0,4.084070449666731,8716,8554,39.66111386728314,116.29513311412175,994.0470853276687,251.8756775158583,4.39605987834318,7771.273791904092,8863.228070500012
2007,7,270.0,4.71238898038469,8724,8556,39.65895791060125,116.29567210329223,1001.0376191212636,252.12691211694965,4.400444749327158,7771.273791904092,8863.228070500012
2007,8,306.0,5.340707511102648,8504,9643,39.71824671935314,116.58861271744361,1070.0149335718368,316.7815906103311,5.52888176585503,7771.273791904092,8863.228070500012
2007,9,342.0,5.969026041820607,8027,10222,39.84679563651065,116.74465008229517,1382.6268657538199,349.341387619383,6.097157427443989,7771.273791904092,8863.228070500012
2008,0,18.0,0.3141592653589793,7081,10086,40.101737514143764,116.70799881870309,1404.1542291937794,29.445404409833802,0.5139192565328576,7771.273791904092,8863.228070500012
2008,1,54.0,0.9424777960769379,6908,9902,40.14836007738957,116.65841181501969,1350.6623417070593,39.728353573230066,0.6933905762493188,7771.273791904092,8863.228070500012
2008,2,90.0,1.5707963267948966,6717,8981,40.19983354316962,116.41020730201747,1060.8314925915345,83.62596859180385,1.459548492096343,7771.273791904092,8863.228070500012
2008,3,126.0,2.199114857512855,6772,7816,40.185011340981646,116.09624611021769,1447.4925709065178,136.34232717556642,2.379622519044975,7771.273791904092,8863.228070500012
2008,4,162.0,2.827433388230814,7725,7574,39.928183001251874,116.03102842059062,1290.058247360315,177.94438596158392,3.1057154204692154,7771.273791904092,8863.228070500012
2008,5,198.0,3.4557519189487724,7900,7766,39.8810214488356,116.0827713809559,1104.7533097230034,186.69132249424132,3.2583782624270636,7771.273791904092,8863.228070500012
2008,6,234.0,4.084070449666731,8719,8555,39.66030538352743,116.295402608707,996.5889368019338,251.983970649827,4.397949950088236,7771.273791904092,8863.228070500012
2008,7,270.0,4.71238898038469,8724,8556,39.65895791060125,116.29567210329223,1001.0376191212636,252.12691211694965,4.400444749327158,7771.273791904092,8863.228070500012
2008,8,306.0,5.340707511102648,8504,9643,39.71824671935314,116.58861271744361,1070.0149335718368,316.7815906103311,5.52888176585503,7771.273791904092,8863.228070500012
2008,9,342.0,5.969026041820607,7831,10257,39.899616575216875,116.75408239277841,1395.051042577165,357.5462504113214,6.2403592978376885,7771.273791904092,8863.228070500012
2009,0,18.0,0.3141592653589793,7081,10086,40.101737514143764,116.70799881870309,1404.1542291937794,29.445404409833802,0.5139192565328576,7771.273791904092,8863.228070500012
2009,1,54.0,0.9424777960769379,6908,9902,40.14836007738957,116.65841181501969,1350.6623417070593,39.728353573230066,0.6933905762493188,7771.273791904092,8863.228070500012
2009,2,90.0,1.5707963267948966,6617,8943,40.22678300169321,116.3999665077785,1157.0270296811573,86.04657144087338,1.5017959816957618,7771.273791904092,8863.228070500012
2009,3,126.0,2.199114857512855,6772,7816,40.185011340981646,116.09624611021769,1447.4925709065178,136.34232717556642,2.379622519044975,7771.273791904092,8863.228070500012
2009,4,162.0,2.827433388230814,7725,7574,39.928183001251874,116.03102842059062,1290.058247360315,177.94438596158392,3.1057154204692154,7771.273791904092,8863.228070500012
2009,5,198.0,3.4557519189487724,8509,7843,39.71689924642696,116.10352246401906,1259.0096401329677,215.87066558967308,3.7676538730114215,7771.273791904092,8863.228070500012
2009,6,234.0,4.084070449666731,8796,7795,39.63955430046427,116.09058672392774,1480.2618052772953,223.8092839347845,3.9062089011928394,7771.273791904092,8863.228070500012
2009,7,270.0,4.71238898038469,8724,8556,39.65895791060125,116.29567210329223,1001.0376191212636,252.12691211694965,4.400444749327158,7771.273791904092,8863.228070500012
2009,8,306.0,5.340707511102648,8506,9644,39.71770773018267,116.58888221202884,1072.1135232605388,316.740295198997,5.528161024961285,7771.273791904092,8863.228070500012
2009,9,342.0,5.969026041820607,7850,10312,39.89449617809739,116.76890459496639,1450.9093422913363,356.88960873674495,6.2288987386105195,7771.273791904092,8863.228070500012
2010,0,18.0,0.3141592653589793,7081,10086,40.101737514143764,116.70799881870309,1404.1542291937794,29.445404409833802,0.5139192565328576,7771.273791904092,8863.228070500012
2010,1,54.0,0.9424777960769379,6613,9955,40.227860980034144,116.6726950280372,1591.7173502403027,46.692928774200766,0.8149453445090032,7771.273791904092,8863.228070500012
2010,2,90.0,1.5707963267948966,6521,8457,40.252654481875844,116.26899213935388,1314.6124143580873,107.99956434659656,1.8849479885675882,7771.273791904092,8863.228070500012
2010,3,126.0,2.199114857512855,6651,7646,40.217620185795184,116.05043203072759,1654.2846020078755,137.37513761615276,2.39764846178218,7771.273791904092,8863.228070500012
2010,4,162.0,2.827433388230814,7725,7574,39.928183001251874,116.03102842059062,1290.058247360315,177.94438596158392,3.1057154204692154,7771.273791904092,8863.228070500012
2010,5,198.0,3.4557519189487724,8527,7238,39.71204834389272,115.94047823995137,1792.34159209237,204.93828722523787,3.5768478754782347,7771.273791904092,8863.228070500012
2010,6,234.0,4.084070449666731,8796,7795,39.63955430046427,116.09058672392774,1480.2618052772953,223.8092839347845,3.9062089011928394,7771.273791904092,8863.228070500012
2010,7,270.0,4.71238898038469,8754,8629,39.65087307304418,116.31534520801445,1010.2542200301469,256.59394980946865,4.478409264872305,7771.273791904092,8863.228070500012
2010,8,306.0,5.340707511102648,8506,9644,39.71770773018267,116.58888221202884,1072.1135232605388,316.740295198997,5.528161024961285,7771.273791904092,8863.228070500012
2010,9,342.0,5.969026041820607,7850,10312,39.89449617809739,116.76890459496639,1450.9093422913363,356.88960873674495,6.2288987386105195,7771.273791904092,8863.228070500012
2011,0,18.0,0.3141592653589793,7081,10086,40.101737514143764,116.70799881870309,1404.1542291937794,29.445404409833802,0.5139192565328576,7771.273791904092,8863.228070500012
2011,1,54.0,0.9424777960769379,6613,9955,40.227860980034144,116.6726950280372,1591.7173502403027,46.692928774200766,0.8149453445090032,7771.273791904092,8863.228070500012
2011,2,90.0,1.5707963267948966,6521,8457,40.252654481875844,116.26899213935388,1314.6124143580873,107.99956434659656,1.8849479885675882,7771.273791904092,8863.228070500012
2011,3,126.0,2.199114857512855,6651,7646,40.217620185795184,116.05043203072759,1654.2846020078755,137.37513761615276,2.39764846178218,7771.273791904092,8863.228070500012
2011,4,162.0,2.827433388230814,7724,7574,39.928452495837114,116.03102842059062,1290.0945039671224,177.90000245778117,3.104940782194286,7771.273791904092,8863.228070500012
2011,5,198.0,3.4557519189487724,8778,7293,39.64440520299852,115.95530044213935,1865.2382827546073,212.66530262156058,3.7117097354963606,7771.273791904092,8863.228070500012
2011,6,234.0,4.084070449666731,8796,7795,39.63955430046427,116.09058672392774,1480.2618052772953,223.8092839347845,3.9062089011928394,7771.273791904092,8863.228070500012
2011,7,270.0,4.71238898038469,8804,8528,39.63739834378239,116.28812625490562,1085.7722045343185,252.01631150693248,4.398514404527644,7771.273791904092,8863.228070500012
2011,8,306.0,5.340707511102648,8506,9644,39.71770773018267,116.58888221202884,1072.1135232605388,316.740295198997,5.528161024961285,7771.273791904092,8863.228070500012
2011,9,342.0,5.969026041820607,7850,10312,39.89449617809739,116.76890459496639,1450.9093422913363,356.88960873674495,6.2288987386105195,7771.273791904092,8863.228070500012
2012,0,18.0,0.3141592653589793,7081,10086,40.101737514143764,116.70799881870309,1404.1542291937794,29.445404409833802,0.5139192565328576,7771.273791904092,8863.228070500012
2012,1,54.0,0.9424777960769379,6613,9955,40.227860980034144,116.6726950280372,1591.7173502403027,46.692928774200766,0.8149453445090032,7771.273791904092,8863.228070500012
2012,2,90.0,1.5707963267948966,6521,8457,40.252654481875844,116.26899213935388,1314.6124143580873,107.99956434659656,1.8849479885675882,7771.273791904092,8863.228070500012
2012,3,126.0,2.199114857512855,6651,7646,40.217620185795184,116.05043203072759,1654.2846020078755,137.37513761615276,2.39764846178218,7771.273791904092,8863.228070500012
2012,4,162.0,2.827433388230814,7724,7574,39.928452495837114,116.03102842059062,1290.0945039671224,177.90000245778117,3.104940782194286,7771.273791904092,8863.228070500012
2012,5,198.0,3.4557519189487724,8860,7106,39.622306647009175,115.90490495470024,2067.1659942897886,211.7811228241711,3.6962778868522976,7771.273791904092,8863.228070500012
2012,6,234.0,4.084070449666731,8796,7795,39.63955430046427,116.09058672392774,1480.2618052772953,223.8092839347845,3.9062089011928394,7771.273791904092,8863.228070500012
2012,7,270.0,4.71238898038469,8804,8528,39.63739834378239,116.28812625490562,1085.7722045343185,252.01631150693248,4.398514404527644,7771.273791904092,8863.228070500012
2012,8,306.0,5.340707511102648,8506,9644,39.71770773018267,116.58888221202884,1072.1135232605388,316.740295198997,5.528161024961285,7771.273791904092,8863.228070500012
2012,9,342.0,5.969026041820607,7850,10312,39.89449617809739,116.76890459496639,1450.9093422913363,356.88960873674495,6.2288987386105195,7771.273791904092,8863.228070500012
2013,0,18.0,0.3141592653589793,6833,10663,40.16857217128226,116.86349719438418,2029.6641857189559,27.534349997363027,0.4805650648504768,7771.273791904092,8863.228070500012
2013,1,54.0,0.9424777960769379,6692,10323,40.20657090780051,116.77186903540398,1815.4244693864723,36.477151271250406,0.6366463914313548,7771.273791904092,8863.228070500012
2013,2,90.0,1.5707963267948966,6521,8457,40.252654481875844,116.26899213935388,1314.6124143580873,107.99956434659656,1.8849479885675882,7771.273791904092,8863.228070500012
2013,3,126.0,2.199114857512855,6651,7646,40.217620185795184,116.05043203072759,1654.2846020078755,137.37513761615276,2.39764846178218,7771.273791904092,8863.228070500012
2013,4,162.0,2.827433388230814,7724,7574,39.928452495837114,116.03102842059062,1290.0945039671224,177.90000245778117,3.104940782194286,7771.273791904092,8863.228070500012
2013,5,198.0,3.4557519189487724,8860,7106,39.622306647009175,115.90490495470024,2067.1659942897886,211.7811228241711,3.6962778868522976,7771.273791904092,8863.228070500012
2013,6,234.0,4.084070449666731,8796,7795,39.63955430046427,116.09058672392774,1480.2618052772953,223.8092839347845,3.9062089011928394,7771.273791904092,8863.228070500012
2013,7,270.0,4.71238898038469,8804,8528,39.63739834378239,116.28812625490562,1085.7722045343185,252.01631150693248,4.398514404527644,7771.273791904092,8863.228070500012
2013,8,306.0,5.340707511102648,8506,9644,39.71770773018267,116.58888221202884,1072.1135232605388,316.740295198997,5.528161024961285,7771.273791904092,8863.228070500012
2013,9,342.0,5.969026041820607,7850,10312,39.89449617809739,116.76890459496639,1450.9093422913363,356.88960873674495,6.2288987386105195,7771.273791904092,8863.228070500012
2014,0,18.0,0.3141592653589793,7010,10799,40.120871629695515,116.90014845797626,2080.0843130219846,21.468040253911592,0.37468798638143674,7771.273791904092,8863.228070500012
2014,1,54.0,0.9424777960769379,6692,10323,40.20657090780051,116.77186903540398,1815.4244693864723,36.477151271250406,0.6366463914313548,7771.273791904092,8863.228070500012
2014,2,90.0,1.5707963267948966,6521,8457,40.252654481875844,116.26899213935388,1314.6124143580873,107.99956434659656,1.8849479885675882,7771.273791904092,8863.228070500012
2014,3,126.0,2.199114857512855,6651,7646,40.217620185795184,116.05043203072759,1654.2846020078755,137.37513761615276,2.39764846178218,7771.273791904092,8863.228070500012
2014,4,162.0,2.827433388230814,7724,7574,39.928452495837114,116.03102842059062,1290.0945039671224,177.90000245778117,3.104940782194286,7771.273791904092,8863.228070500012
2014,5,198.0,3.4557519189487724,8860,7106,39.622306647009175,115.90490495470024,2067.1659942897886,211.7811228241711,3.6962778868522976,7771.273791904092,8863.228070500012
2014,6,234.0,4.084070449666731,8913,7536,39.608023433991676,116.02078762635165,1750.7350128949402,220.70322471236906,3.8519979409997553,7771.273791904092,8863.228070500012
2014,7,270.0,4.71238898038469,8804,8528,39.63739834378239,116.28812625490562,1085.7722045343185,252.01631150693248,4.398514404527644,7771.273791904092,8863.228070500012
2014,8,306.0,5.340707511102648,8531,9666,39.71097036555177,116.59481109290402,1105.2722207949137,316.57805915639045,5.5253294718523955,7771.273791904092,8863.228070500012
2014,9,342.0,5.969026041820607,7850,10312,39.89449617809739,116.76890459496639,1450.9093422913363,356.88960873674495,6.2288987386105195,7771.273791904092,8863.228070500012
2015,0,18.0,0.3141592653589793,7556,11579,39.973727586156734,117.11035423446022,2724.290729445162,4.532244679040626,0.07910259215525256,7771.273791904092,8863.228070500012
2015,1,54.0,0.9424777960769379,6692,10323,40.20657090780051,116.77186903540398,1815.4244693864723,36.477151271250406,0.6366463914313548,7771.273791904092,8863.228070500012
2015,2,90.0,1.5707963267948966,6520,8457,40.252923976461084,116.26899213935388,1315.563509515298,107.98610626929452,1.8847131008076798,7771.273791904092,8863.228070500012
2015,3,126.0,2.199114857512855,6651,7646,40.217620185795184,116.05043203072759,1654.2846020078755,137.37513761615276,2.39764846178218,7771.273791904092,8863.228070500012
2015,4,162.0,2.827433388230814,7724,7574,39.928452495837114,116.03102842059062,1290.0945039671224,177.90000245778117,3.104940782194286,7771.273791904092,8863.228070500012
2015,5,198.0,3.4557519189487724,8860,7106,39.622306647009175,115.90490495470024,2067.1659942897886,211.7811228241711,3.6962778868522976,7771.273791904092,8863.228070500012
2015,6,234.0,4.084070449666731,8913,7536,39.608023433991676,116.02078762635165,1750.7350128949402,220.70322471236906,3.8519979409997553,7771.273791904092,8863.228070500012
2015,7,270.0,4.71238898038469,8804,8528,39.63739834378239,116.28812625490562,1085.7722045343185,252.01631150693248,4.398514404527644,7771.273791904092,8863.228070500012
2015,8,306.0,5.340707511102648,8531,9667,39.71097036555177,116.59508058748926,1105.9987458943706,316.61366783676294,5.525950960567186,7771.273791904092,8863.228070500012
2015,9,342.0,5.969026041820607,7778,11509,39.913899788234374,117.0914896134937,2645.780479330331,359.8543402394284,6.2806430647699445,7771.273791904092,8863.228070500012
